Company Name,Primary City,Primary State,Line Of Business,"Revenue (US Dollars, million)",Total Employees,Primary Industry
21st Century Insurance Company of The Southwest,Woodland Hills,CA,"Fire, marine, and casualty insurance",106,2000,Property/Casualty Insurance Carriers
21st Century North America Insurance Company,Wilmington,DE,"Fire, marine, and casualty insurance",156.3,2900,Auto & Other Vehicle Insurance Carriers
"Accident Fund Holdings, Inc.",Lansing,MI,"Fire, marine, and casualty insurance",592.609,983,Workers' Compensation Insurance Carriers
Ace Insurance Company,Philadelphia,PA,"Insurance agents, brokers, and service, n",10.1,160,Risk Management
ACE USA,Philadelphia,PA,"Fire, marine, and casualty insurance",148.9,2898,Property/Casualty Insurance Carriers
Admiral Insurance Company,Cherry Hill,NJ,"Fire, marine, and casualty insurance",483.463306,205,Commercial Insurance Carriers
Aegis Security Insurance Company,Harrisburg,PA,"Fire, marine, and casualty insurance",58.122947,70,Property/Casualty Insurance Carriers
"Aegis Security, Inc.",Harrisburg,PA,"Fire, marine, and casualty insurance",80.336734,97,Property/Casualty Insurance Carriers
"Aetna Investment Services, Inc.",Hartford,CT,"Insurance agents, brokers, and service, n",32.6,1000,Risk Management
"Affirmative Insurance Holdings, Inc.",Addison,TX,"Fire, marine, and casualty insurance",249.798,1078,Auto & Other Vehicle Insurance Carriers
Air Worldwide Corporation,Boston,MA,"Insurance agents, brokers, and service, n",16.9,200,Risk Management
AIU Insurance Company,New York,NY,"Fire, marine, and casualty insurance",40.9,250,Property/Casualty Insurance Carriers
Alaska National Insurance Company,Anchorage,AK,"Fire, marine, and casualty insurance",22.5,200,Workers' Compensation Insurance Carriers
"Alexander Reinsurance Intermediareis, Inc",Stamford,CT,Accident and health insurance,12.1,75,Reinsurance Carriers
Alfa Corporation,Montgomery,AL,"Fire, marine, and casualty insurance",198.7,4161,Property/Casualty Insurance Carriers
ALFA INSURANCE CORPORATION,Montgomery,AL,"Fire, marine, and casualty insurance",128.6,2500,Auto & Other Vehicle Insurance Carriers
Alfa Vision Insurance Corporation,Montgomery,AL,"Fire, marine, and casualty insurance",48.144886,10,Auto & Other Vehicle Insurance Carriers
Allianz Global Risks US Insurance Company,Burbank,CA,"Fire, marine, and casualty insurance",21.8,425,Property/Casualty Insurance Carriers
Allied Insurance,Sacramento,CA,"Fire, marine, and casualty insurance",22.4,500,Property/Casualty Insurance Carriers
Allstate Indemnity Co Inc,Northbrook,IL,"Fire, marine, and casualty insurance",132.7,2500,Auto & Other Vehicle Insurance Carriers
Alps Corporation,Missoula,MT,"Surety insurance, nsk",40,70,Liability Insurance Carriers
Alterra America Insurance Company,Richmond,VA,"Fire, marine, and casualty insurance",17.5,150,Property/Casualty Insurance Carriers
AMCO INSURANCE COMPANY,Des Moines,IA,"Insurance agents, brokers, and service, n",28.852862,4200,Risk Management
"American Agricultural Insurance Agency, Inc.",Schaumburg,IL,Accident and health insurance,15.5,85,Reinsurance Carriers
"American Bankers Insurance Group, Inc.",Miami,FL,"Fire, marine, and casualty insurance",176.5,3200,Property/Casualty Insurance Carriers
American Commerce Insurance Company,Columbus,OH,"Fire, marine, and casualty insurance",28.7,217,Auto & Other Vehicle Insurance Carriers
American Country Insurance Company (inc),Chicago,IL,"Fire, marine, and casualty insurance",16.9,154,Property/Casualty Insurance Carriers
American Empire Surplus Lines Insurance Company,Cincinnati,OH,"Fire, marine, and casualty insurance",11.8,112,Property/Casualty Insurance Carriers
American European Group Inc,New York,NY,"Fire, marine, and casualty insurance",24,475,Property/Casualty Insurance Carriers
American Farmers & Ranchers Mutual Insurance Company,Oklahoma City,OK,"Fire, marine, and casualty insurance",76.193861,240,Property/Casualty Insurance Carriers
American Home Assurance Co Inc,New York,NY,"Fire, marine, and casualty insurance",181.2,2800,Property/Casualty Insurance Carriers
American Indemnity Financial Corporation,Cedar Rapids,IA,"Fire, marine, and casualty insurance",22.3,216,Auto & Other Vehicle Insurance Carriers
American Interstate Insurance Company,Deridder,LA,"Fire, marine, and casualty insurance",17.7,428,Workers' Compensation Insurance Carriers
American Manufacturers Mutual Insurance Company,Long Grove,IL,"Fire, marine, and casualty insurance",453.9,8500,Property/Casualty Insurance Carriers
"American Modern Insurance Group, Inc.",Amelia,OH,"Insurance agents, brokers, and service, n",23.7,883,Property/Casualty Insurance Carriers
American Motorists Insurance Company,Long Grove,IL,"Fire, marine, and casualty insurance",111.5,2000,Property/Casualty Insurance Carriers
"American Physicians Capital, Inc.",East Lansing,MI,"Surety insurance, nsk",16.1,145,Liability Insurance Carriers
AMERICAN PROTECTION INSURANCE COMPANY,Long Grove,IL,"Fire, marine, and casualty insurance",126.4,2700,Auto & Other Vehicle Insurance Carriers
American Reliable Insurance Company,Scottsdale,AZ,"Fire, marine, and casualty insurance",171.067235,1080,Property/Casualty Insurance Carriers
AMERICAN SECURITY INSURANCE COMPANY,Atlanta,GA,"Fire, marine, and casualty insurance",65.6,1400,Property/Casualty Insurance Carriers
American Southern Insurance Company,Atlanta,GA,"Fire, marine, and casualty insurance",37.513785,35,Auto & Other Vehicle Insurance Carriers
"AMERISAFE, Inc.",Deridder,LA,"Fire, marine, and casualty insurance",321.248,428,Workers' Compensation Insurance Carriers
Amerisure Insurance Company,Farmington Hills,MI,"Fire, marine, and casualty insurance",34.5,700,Workers' Compensation Insurance Carriers
Amerisure Mutual Insurance Company,Farmington Hills,MI,"Fire, marine, and casualty insurance",37.9,700,Commercial Insurance Carriers
"Amfam, Inc.",Madison,WI,"Fire, marine, and casualty insurance",192,4367,Property/Casualty Insurance Carriers
AON Benfield Fac Inc.,Chicago,IL,Accident and health insurance,19.4,400,Reinsurance Carriers
"AON GROUP, INC.",Chicago,IL,Accident and health insurance,99.11693,14000,Reinsurance Carriers
AON RE WORLDWIDE INC,Chicago,IL,Accident and health insurance,21.1,500,Reinsurance Carriers
"Applied Underwriters, Inc.",Omaha,NE,"Fire, marine, and casualty insurance",21,500,Workers' Compensation Insurance Carriers
Arch Insurance Group Inc.,New York,NY,"Fire, marine, and casualty insurance",47.8,875,Commercial Insurance Carriers
"Argo Group Us, Inc.",San Antonio,TX,"Fire, marine, and casualty insurance",53.1,1122,Property/Casualty Insurance Carriers
Argonaut Insurance Company Inc,San Antonio,TX,"Fire, marine, and casualty insurance",50.1,1100,Workers' Compensation Insurance Carriers
ARMED FORCES INSURANCE EXHANGE,Leavenworth,KS,"Fire, marine, and casualty insurance",69.661569,210,Property/Casualty Insurance Carriers
ARROWOOD INDEMNITY COMPANY,Charlotte,NC,"Fire, marine, and casualty insurance",40.8,290,Property/Casualty Insurance Carriers
Arrowpoint Capital Corp.,Charlotte,NC,"Fire, marine, and casualty insurance",11.2,300,Property/Casualty Insurance Carriers
ASSOCIATED INDUSTRIES OF MASSACHUSETTS MUTUAL INSURANCE COMPANY,Burlington,MA,"Fire, marine, and casualty insurance",19.4,167,Workers' Compensation Insurance Carriers
AssuranceAmerica Corporation,Atlanta,GA,"Fire, marine, and casualty insurance",56.402789,148,Auto & Other Vehicle Insurance Carriers
Assured Guaranty Municipal Holdings Inc.,New York,NY,Accident and health insurance,15.2,120,Reinsurance Carriers
"Atlas Financial Holdings, Inc.",Elk Grove Village,IL,"Fire, marine, and casualty insurance",35.747,89,Auto & Other Vehicle Insurance Carriers
AUDUBON INSURANCE COMPANY,Baton Rouge,LA,"Fire, marine, and casualty insurance",25.5,579,Property/Casualty Insurance Carriers
Austin Mutual Insurance Company,Maple Grove,MN,"Fire, marine, and casualty insurance",18.4,133,Property/Casualty Insurance Carriers
Auto Club Insurance Association,Dearborn,MI,"Fire, marine, and casualty insurance",112.4,2005,Auto & Other Vehicle Insurance Carriers
AVEMCO CORPORATION,Frederick,MD,"Fire, marine, and casualty insurance",19.8,480,Property/Casualty Insurance Carriers
"Baldwin & Lyons, Inc.",Indianapolis,IN,"Fire, marine, and casualty insurance",243.594,330,Auto & Other Vehicle Insurance Carriers
"Baldwin Connelly Group, LLC",Tampa,FL,"Fire, marine, and casualty insurance",12.9,130,Property/Casualty Insurance Carriers
Bancinsurance Corporation,Columbus,OH,"Insurance agents, brokers, and service, n",46.100816,33,Property/Casualty Insurance Carriers
Bankers Financial Corporation,St. Petersburg,FL,"Insurance agents, brokers, and service, n",32.9,955,Property/Casualty Insurance Carriers
Bankers Insurance Company,Saint Petersburg,FL,"Fire, marine, and casualty insurance",13.9,300,Property/Casualty Insurance Carriers
Bay Area Insurance Services Inc,Tampa,FL,"Fire, marine, and casualty insurance",10.6,43,Property/Casualty Insurance Carriers
BCS Financial Corporation,Oakbrook Terrace,IL,"Fire, marine, and casualty insurance",13.3,104,Commercial Insurance Carriers
"Beazley Insurance Company, Inc.",Farmington,CT,"Fire, marine, and casualty insurance",16.7,185,Property/Casualty Insurance Carriers
Berkley Insurance Company,Greenwich,CT,"Fire, marine, and casualty insurance",15.9,131,Reinsurance Carriers
Berkley Mid-Atlantic Group Insurance Company,Glen Allen,VA,"Insurance agents, brokers, and service, n",15.4,255,Commercial Insurance Carriers
Berkley Regional Insurance Co,Greenwich,CT,"Fire, marine, and casualty insurance",16.1,400,Property/Casualty Insurance Carriers
Berkshire Hathaway Homestate Insurance Company,Omaha,NE,"Fire, marine, and casualty insurance",14.3,120,Property/Casualty Insurance Carriers
Bitco Corporation,Rock Island,IL,"Fire, marine, and casualty insurance",400,500,Commercial Insurance Carriers
Bituminous Casualty Corporation,Rock Island,IL,"Fire, marine, and casualty insurance",159.52128,480,Auto & Other Vehicle Insurance Carriers
Boat America Corporation,Alexandria,VA,"Fire, marine, and casualty insurance",19.4,425,Property/Casualty Insurance Carriers
"Bristol West Holdings, Inc.",Davie,FL,"Fire, marine, and casualty insurance",51,1154,Auto & Other Vehicle Insurance Carriers
California Capital Insurance Company,Monterey,CA,"Fire, marine, and casualty insurance",185.818798,400,Property/Casualty Insurance Carriers
California Casualty General Insurance Company,San Mateo,CA,"Fire, marine, and casualty insurance",26.025,,Workers' Compensation Insurance Carriers
California Casualty Group,San Mateo,CA,"Insurance agents, brokers, and service, n",17.35,,Property/Casualty Insurance Carriers
California Casualty Indemnity Exchange,San Mateo,CA,"Fire, marine, and casualty insurance",151.813,,Workers' Compensation Insurance Carriers
CALIFORNIA CASUALTY MANAGEMENT COMPANY,San Mateo,CA,"Fire, marine, and casualty insurance",117.868,670,Property/Casualty Insurance Carriers
California State Automobile Association Inter-Insurance Bureau,Walnut Creek,CA,"Fire, marine, and casualty insurance",127.2,2208,Auto & Other Vehicle Insurance Carriers
Cameron Mutual Insurance Co Inc,Cameron,MO,"Fire, marine, and casualty insurance",49.385185,145,Property/Casualty Insurance Carriers
Capitol Indemnity Corporation,Middleton,WI,"Fire, marine, and casualty insurance",104.552024,218,Commercial Insurance Carriers
Capitol Transamerica Corporation,Middleton,WI,"Fire, marine, and casualty insurance",182,250,Commercial Insurance Carriers
Cap-Mpt,Los Angeles,CA,"Surety insurance, nsk",34.643,200,Liability Insurance Carriers
CATHOLIC MUTUAL RELIEF SOCIETY OF AMERICA,Omaha,NE,"Surety insurance, nsk",33.2,225,Liability Insurance Carriers
Center Mutual Insurance Co Inc,Rugby,ND,"Fire, marine, and casualty insurance",20.220881,35,Property/Casualty Insurance Carriers
Central Mutual Insurance Company,Van Wert,OH,"Fire, marine, and casualty insurance",393.370372,590,Property/Casualty Insurance Carriers
Century Surety Company,Westerville,OH,"Fire, marine, and casualty insurance",23,200,Property/Casualty Insurance Carriers
Century-National Insurance Company,North Hollywood,CA,"Fire, marine, and casualty insurance",136.932348,320,Homeowners & Vehicle Insurance Carriers
"Chandler (u.s.a.), Inc.",Chandler,OK,"Fire, marine, and casualty insurance",63.53,187,Property/Casualty Insurance Carriers
CHARTIS PROPERTY CASUALTY COMPANY,New York,NY,"Fire, marine, and casualty insurance",19.3,139,Property/Casualty Insurance Carriers
Church Mutual Insurance Company,Merrill,WI,"Insurance agents, brokers, and service, n",469.004,750,Property/Casualty Insurance Carriers
"Cincinnati Equitable Companies, Inc",Cincinnati,OH,"Fire, marine, and casualty insurance",13.3,41,Property/Casualty Insurance Carriers
Citizens Property Insurance Corporation,Tallahassee,FL,"Life insurance, nsk",48,1050,Property/Casualty Insurance Carriers
Clarendon Insurance Group ,New York,NY,Accident and health insurance,15.5,85,Property/Casualty Insurance Carriers
Clarendon National Insurance Company (md Corp),New York,NY,Accident and health insurance,16.3,80,Reinsurance Carriers
Club Exchange Corporation,Saint Louis,MO,"Fire, marine, and casualty insurance",66.7,1224,Auto & Other Vehicle Insurance Carriers
CMFG Life Insurance Company,Madison,WI,Accident and health insurance,325.9,5367,Commercial Insurance Carriers
Coface North America Holding Company,New York,NY,"Fire, marine, and casualty insurance",21.2,450,Property/Casualty Insurance Carriers
Columbia Insurance Company,Omaha,NE,"Fire, marine, and casualty insurance",395.624725,494,Property/Casualty Insurance Carriers
COLUMBIA MUTUAL INSURANCE COMPANY,Columbia,MO,"Fire, marine, and casualty insurance",28,575,Property/Casualty Insurance Carriers
"Community Association Underwriters of America, Inc.",Newtown,PA,"Fire, marine, and casualty insurance",16.1,89,Property/Casualty Insurance Carriers
Companion Property & Casualty Group,Columbia,SC,"Fire, marine, and casualty insurance",156.874529,300,Workers' Compensation Insurance Carriers
Compt Management Inc,Richmond,VA,"Fire, marine, and casualty insurance",17,251,Workers' Compensation Insurance Carriers
Compwest Insurance Company Inc,San Francisco,CA,"Fire, marine, and casualty insurance",14.5,140,Property/Casualty Insurance Carriers
Conexis Benefits Administrators LP,Orange,CA,"Insurance agents, brokers, and service, n",11.5,357,Risk Management
"CONSOLIDATED SERVICES GROUP, INC.",Lansdale,PA,"Insurance agents, brokers, and service, n",14.7,400,Risk Management
Continental Western Insurance Company,Des Moines,IA,"Fire, marine, and casualty insurance",20.2,390,Property/Casualty Insurance Carriers
Cooperativa De Seguros Multiples De Puerto Rico,San Juan,PR,"Fire, marine, and casualty insurance",19.5,517,Property/Casualty Insurance Carriers
COPIC Companies,Denver,CO,"Surety insurance, nsk",14.1,112,Liability Insurance Carriers
"Coregis Group, Inc.",Chicago,IL,"Fire, marine, and casualty insurance",20.5,203,Property/Casualty Insurance Carriers
Country-Wide Insurance Co (inc),New York,NY,"Fire, marine, and casualty insurance",28.2,200,Property/Casualty Insurance Carriers
Coverys,Boston,MA,"Fire, marine, and casualty insurance",295.401495,340,Liability Insurance Carriers
Crowe Paradis Services Corporation,North Reading,MA,"Fire, marine, and casualty insurance",14.9,150,Workers' Compensation Insurance Carriers
Cumberland Mutual Fire Insurance Company (inc),Bridgeton,NJ,"Fire, marine, and casualty insurance",82.725406,195,Property/Casualty Insurance Carriers
CUNA MUTUAL GROUP,Madison,WI,"Fire, marine, and casualty insurance",13.7,300,Property/Casualty Insurance Carriers
Deans & Homer,San Francisco,CA,"Fire, marine, and casualty insurance",18.5,93,Property/Casualty Insurance Carriers
Digital Insurance Inc.,Atlanta,GA,"Insurance agents, brokers, and service, n",12.7,163,Risk Management
Direct General Corporation,Nashville,TN,"Life insurance, nsk",132.6,2453,Auto & Other Vehicle Insurance Carriers
Directdme Inc,Farmington,CT,"Insurance agents, brokers, and service, n",24.1,287,Risk Management
"Discover Re Managers, Inc.",Farmington,CT,"Holding companies, nec, nsk",29.6,518,Commercial Insurance Carriers
Donegal Group Inc.,Marietta,PA,"Fire, marine, and casualty insurance",514.983,6,Auto & Other Vehicle Insurance Carriers
DONEGAL MUTUAL INSURANCE COMPANY,Marietta,PA,"Fire, marine, and casualty insurance",37.3,706,Property/Casualty Insurance Carriers
"Eastern Insurance Holdings, Inc.",Lancaster,PA,"Life insurance, nsk",168.068,187,Workers' Compensation Insurance Carriers
"EBS-RMSCO, Inc.",Liverpool,NY,"Insurance agents, brokers, and service, n",12.4,350,Property/Casualty Insurance Carriers
"Eckman/Freeman & Associates, Inc.",Lexington,KY,"Insurance agents, brokers, and service, n",11,135,Risk Management
Electric Insurance Company,Beverly,MA,"Fire, marine, and casualty insurance",27,550,Property/Casualty Insurance Carriers
"Electronic Network Systems, Inc",Colorado Springs,CO,"Insurance agents, brokers, and service, n",18,180,Risk Management
EMC Insurance Group Inc.,Des Moines,IA,"Fire, marine, and casualty insurance",503.850499,2115,Property/Casualty Insurance Carriers
"Employers Group, Inc.",Reno,NV,"Fire, marine, and casualty insurance",22.8,628,Workers' Compensation Insurance Carriers
"Employers Holdings, Inc.",Reno,NV,"Fire, marine, and casualty insurance",579.182,667,Workers' Compensation Insurance Carriers
Employers Insurance Company of Nevada,Reno,NV,"Fire, marine, and casualty insurance",34,620,Workers' Compensation Insurance Carriers
Employers Insurance Company of Wausau,Wausau,WI,"Fire, marine, and casualty insurance",169.3,3500,Workers' Compensation Insurance Carriers
Encompass Insurance Company,Northbrook,IL,"Fire, marine, and casualty insurance",10.7,115,Property/Casualty Insurance Carriers
Erisco Inc,New York,NY,"Insurance agents, brokers, and service, n",11.1,329,Risk Management
"Essex Insurance Company, Inc.",Glen Allen,VA,"Fire, marine, and casualty insurance",331.769469,340,Property/Casualty Insurance Carriers
Esurance Inc.,San Francisco,CA,"Insurance agents, brokers, and service, n",10.9,140,Auto & Other Vehicle Insurance Carriers
Explorer Insurance Company Inc,San Diego,CA,"Fire, marine, and casualty insurance",53,10,Property/Casualty Insurance Carriers
Expresslink Inc,Encino,CA,"Fire, marine, and casualty insurance",10.7,102,Auto & Other Vehicle Insurance Carriers
"F. GAYLON YOUNG INSURANCE AGENCY, INC.",Dallas,TX,"Fire, marine, and casualty insurance",23.3,180,Auto & Other Vehicle Insurance Carriers
"Fairfax Information Technology Services, Inc.",Parsippany,NJ,"Insurance agents, brokers, and service, n",12.1,145,Risk Management
Farm Bureau Insurance Co of Nebraska,Lincoln,NE,"Fire, marine, and casualty insurance",66.208907,110,Property/Casualty Insurance Carriers
Farm Bureau Insurance of Michigan,Lansing,MI,Miscellaneous business credit institution,120,99,Property/Casualty Insurance Carriers
"Farm Bureau Mutual Insurance Company of Arkansas, Inc",Little Rock,AR,"Fire, marine, and casualty insurance",17.2,400,Property/Casualty Insurance Carriers
Farm Bureau Mutual Insurance Company of Idaho,Pocatello,ID,"Fire, marine, and casualty insurance",133.666629,302,Property/Casualty Insurance Carriers
FARM BUREAU MUTUAL INSURANCE COMPANY OF MICHIGAN,Lansing,MI,"Fire, marine, and casualty insurance",18.1,384,Property/Casualty Insurance Carriers
Farm Family Casualty Insurance Company,Glenmont,NY,"Fire, marine, and casualty insurance",17.5,330,Property/Casualty Insurance Carriers
"Farm Family Holdings, Inc.",Glenmont,NY,"Fire, marine, and casualty insurance",20.6,500,Commercial Insurance Carriers
Farmers Alliance Mutual Insurance Co.,Mcpherson,KS,"Fire, marine, and casualty insurance",26.8,630,Property/Casualty Insurance Carriers
Farmers Automobile Insurance Association,Pekin,IL,"Fire, marine, and casualty insurance",38,750,Property/Casualty Insurance Carriers
Farmers Casualty Insurance Company,Columbus,OH,"Fire, marine, and casualty insurance",47.144224,70,Auto & Other Vehicle Insurance Carriers
Farmers Insurance,Hillsboro,OR,"Fire, marine, and casualty insurance",51.6,1200,Property/Casualty Insurance Carriers
"FARMERS INSURANCE OF COLUMBUS, INC",Columbus,OH,"Fire, marine, and casualty insurance",18.8,454,Property/Casualty Insurance Carriers
FARMERS MUTUAL FIRE INSURANCE,Salem,NJ,"Fire, marine, and casualty insurance",27.746903,97,Property/Casualty Insurance Carriers
Farmers Mutual Hail Insurance Company of Iowa,West Des Moines,IA,"Fire, marine, and casualty insurance",400.465015,200,Commercial Insurance Carriers
Farmers Mutual Insurance Company of Nebraska,Lincoln,NE,"Fire, marine, and casualty insurance",28.9,210,Property/Casualty Insurance Carriers
"Fcci Group, Inc",Sarasota,FL,"Fire, marine, and casualty insurance",452.478279,701,Property/Casualty Insurance Carriers
Fcci Insurance Company,Sarasota,FL,"Fire, marine, and casualty insurance",34.2,700,Property/Casualty Insurance Carriers
FCCI Mutual Insurance Holding Company,Sarasota,FL,"Fire, marine, and casualty insurance",29.5,701,Commercial Insurance Carriers
Federal Insurance Company,Warren,NJ,"Fire, marine, and casualty insurance",123.7,2000,Property/Casualty Insurance Carriers
Federated National Holding Company,Sunrise,FL,"Insurance agents, brokers, and service, n",60.163,112,Homeowners Insurance Carriers
Fidelity & Casualty Company of New York,Chicago,IL,"Fire, marine, and casualty insurance",137.991798,1000,Property/Casualty Insurance Carriers
Fireman's Fund Insurance Company,Novato,CA,"Fire, marine, and casualty insurance",258.2,4400,Property/Casualty Insurance Carriers
First Acceptance Corporation,Nashville,TN,"Fire, marine, and casualty insurance",228.059,1100,Auto & Other Vehicle Insurance Carriers
First Financial Insurance Co Inc,Burlington,NC,"Fire, marine, and casualty insurance",13.4,300,Property/Casualty Insurance Carriers
"First General Insurance Co, Inc",Warwick,RI,"Fire, marine, and casualty insurance",14.2,150,Auto & Other Vehicle Insurance Carriers
First Mercury Financial Corporation,Southfield,MI,"Fire, marine, and casualty insurance",13.8,362,Commercial Insurance Carriers
First National Insurance Co of America,Seattle,WA,"Fire, marine, and casualty insurance",98.2,2000,Property/Casualty Insurance Carriers
FirstComp Insurance Company,Omaha,NE,"Insurance agents, brokers, and service, n",15,500,Workers' Compensation Insurance Carriers
"Fisher Brown Bottrell Insurance, Inc",Jackson,MS,"Fire, marine, and casualty insurance",12.8,82,Property/Casualty Insurance Carriers
"Folksamerica Holding Company, Inc.",New York,NY,"Fire, marine, and casualty insurance",25.1,191,Property/Casualty Insurance Carriers
Foremost Insurance Company,Caledonia,MI,"Fire, marine, and casualty insurance",82.3,1557,Auto & Other Vehicle Insurance Carriers
Frankenmuth Mutual Insurance Company,Frankenmuth,MI,"Fire, marine, and casualty insurance",23.8,479,Property/Casualty Insurance Carriers
Franklin Mutual Insurance Co Inc,Branchville,NJ,"Fire, marine, and casualty insurance",99.675998,94,Property/Casualty Insurance Carriers
FREEDOM SPECIALTY INSURANCE COMPANY,Columbus,OH,"Fire, marine, and casualty insurance",27.3,250,Property/Casualty Insurance Carriers
"Frontier General Insurance Agency, Inc.",Fort Worth,TX,"Fire, marine, and casualty insurance",11.4,100,Property/Casualty Insurance Carriers
G M F Financial Services Corporation,San Francisco,CA,"Fire, marine, and casualty insurance",23.6,220,Property/Casualty Insurance Carriers
"GAINSCO, INC.",Dallas,TX,"Fire, marine, and casualty insurance",206.815,395,Auto & Other Vehicle Insurance Carriers
GE Property & Casualty Insurance Company,Fort Washington,PA,"Fire, marine, and casualty insurance",39.4,833,Property/Casualty Insurance Carriers
GEICO GENERAL INSURANCE COMPANY,Washington,DC,"Fire, marine, and casualty insurance",527.4,10000,Auto & Other Vehicle Insurance Carriers
General Casualty Insurance Companies,Sun Prairie,WI,"Fire, marine, and casualty insurance",397.124955,1636,Commercial Insurance Carriers
General Re Corporation,Stamford,CT,"Fire, marine, and casualty insurance",17.593669,1000,Reinsurance Carriers
GENERAL RE LIFE CORPORATION,Stamford,CT,"Life insurance, nsk",21.7,175,Reinsurance Carriers
Georgia Farm Bureau Mutual Insurance Company,Macon,GA,"Fire, marine, and casualty insurance",411.532383,1210,Property/Casualty Insurance Carriers
"GHS Holding Company, Inc.",Tulsa,OK,Accident and health insurance,43.6,954,Property/Casualty Insurance Carriers
"Gilsbar, Inc.",Covington,LA,"Insurance agents, brokers, and service, n",10.9,330,Risk Management
Global Reinsurance Corporation of America,New York,NY,Accident and health insurance,17.7,300,Reinsurance Carriers
GMAC Insurance Management Corporation,Winston Salem,NC,"Fire, marine, and casualty insurance",17.1,400,Auto & Other Vehicle Insurance Carriers
Golden Eagle Insurance Corp.,San Diego,CA,"Fire, marine, and casualty insurance",21.5,500,Commercial Insurance Carriers
Grain Dealers Mutual Insurance Company,Indianapolis,IN,"Fire, marine, and casualty insurance",15.8,83,Property/Casualty Insurance Carriers
Grange Mutual Casualty Company,Columbus,OH,"Fire, marine, and casualty insurance",78.7,1450,Property/Casualty Insurance Carriers
"Gray & Company, Inc.",Metairie,LA,"Fire, marine, and casualty insurance",25.5,200,Property/Casualty Insurance Carriers
Great American Insurance Company,Cincinnati,OH,"Fire, marine, and casualty insurance",185.1,4000,Commercial Insurance Carriers
Great West Casualty,South Sioux City,NE,"Fire, marine, and casualty insurance",29.7,708,Property/Casualty Insurance Carriers
Great West Casualty Company,South Sioux City,NE,"Fire, marine, and casualty insurance",29.5,702,Auto & Other Vehicle Insurance Carriers
Greater New York Mutual Insurance Company,New York,NY,"Insurance agents, brokers, and service, n",167.905768,350,Commercial Insurance Carriers
Grinnell Mutual Reinsurance Company,Grinnell,IA,"Fire, marine, and casualty insurance",368.902994,740,Reinsurance Carriers
"Group & Pension Administrators, Inc.",Dallas,TX,"Insurance agents, brokers, and service, n",13.4,150,Risk Management
"Guard Financial Group, Inc.",Wilkes Barre,PA,"Fire, marine, and casualty insurance",15.2,310,Property/Casualty Insurance Carriers
"H & H Agency, Inc.",Orange,CA,"Fire, marine, and casualty insurance",16.4,133,Auto & Other Vehicle Insurance Carriers
"Hallmark Financial Services, Inc.",Fort Worth,TX,"Insurance agents, brokers, and service, n",322.771,382,Commercial Insurance Carriers
Hamilton Mutual Insurance Company,Blue Ash,OH,"Fire, marine, and casualty insurance",124.1,2338,Property/Casualty Insurance Carriers
Harco National Insurance Co,Rolling Meadows,IL,"Fire, marine, and casualty insurance",45.571363,85,Property/Casualty Insurance Carriers
Hartford Specialty Co,Hartford,CT,"Fire, marine, and casualty insurance",18.5,450,Property/Casualty Insurance Carriers
"Healthcare Solutions, Inc. Delaware",Duluth,GA,"Fire, marine, and casualty insurance",13.1,400,Property/Casualty Insurance Carriers
"Helmsman Management Services, LLC",Boston,MA,"Business services, nec, nsk",116.223839,400,Commercial Insurance Carriers
Highlands Insurance Company,Trenton,NJ,"Fire, marine, and casualty insurance",33.5,270,Workers' Compensation Insurance Carriers
"Highlands Insurance Group, Inc.",Houston,TX,"Fire, marine, and casualty insurance",23.5,629,Property/Casualty Insurance Carriers
Hilltop Holdings Inc.,Dallas,TX,Bank holding companies,152.188,135,Homeowners Insurance Carriers
Hobbs Brook Management LLC,Waltham,MA,"Fire, marine, and casualty insurance",14.7,83,Property/Casualty Insurance Carriers
Hochheim Prairie Group of Companies,Yoakum,TX,"Fire, marine, and casualty insurance",85.074534,80,Property/Casualty Insurance Carriers
HORACE MANN SERVICE CORPORATION,Springfield,IL,"Fire, marine, and casualty insurance",23.3,200,Property/Casualty Insurance Carriers
HOUSTON CASUALTY COMPANY,Houston,TX,"Fire, marine, and casualty insurance",17.4,169,Property/Casualty Insurance Carriers
"HSB Group, Inc.",Hartford,CT,"Fire, marine, and casualty insurance",57.6,1449,Commercial Insurance Carriers
Huron Insurance Co,Harleysville,PA,"Fire, marine, and casualty insurance",25.5,213,Property/Casualty Insurance Carriers
IMT INSURANCE COMPANY,West Des Moines,IA,"Fire, marine, and casualty insurance",131.483641,189,Property/Casualty Insurance Carriers
Independent Insurance Investments Inc,Conshohocken,PA,"Fire, marine, and casualty insurance",32.4,820,Auto & Other Vehicle Insurance Carriers
Indiana Insurance Company,Loveland,OH,"Fire, marine, and casualty insurance",40.6,750,Property/Casualty Insurance Carriers
Indiana Lumbermens Mutual Insurance Co Inc,Indianapolis,IN,"Fire, marine, and casualty insurance",29.943855,70,Property/Casualty Insurance Carriers
Infinity Standard Insurance Company,Alpharetta,GA,"Fire, marine, and casualty insurance",54,1150,Property/Casualty Insurance Carriers
Injured Workers' Insurance Fund,Towson,MD,"Fire, marine, and casualty insurance",19.5,370,Workers' Compensation Insurance Carriers
Insurance Company of the West,San Diego,CA,"Fire, marine, and casualty insurance",21.5,450,Property/Casualty Insurance Carriers
"Insurance Services Office, Inc.",Jersey City,NJ,"Business services, nec, nsk",291.8,4495,Risk Management
"Integriguard, LLC",Omaha,NE,"Insurance agents, brokers, and service, n",14.7,200,Risk Management
INTEGRITY MUTUAL INSURANCE CO INC,Appleton,WI,"Fire, marine, and casualty insurance",15.9,92,Property/Casualty Insurance Carriers
"International Financial Group, Inc.",Burlington,NC,"Fire, marine, and casualty insurance",158.442,335,Commercial Insurance Carriers
Iowa Mutual Insurance Company,De Witt,IA,"Fire, marine, and casualty insurance",22.859364,99,Property/Casualty Insurance Carriers
"Island Holdings, Inc",Honolulu,HI,"Fire, marine, and casualty insurance",20.1,450,Property/Casualty Insurance Carriers
Ismie Mutual Insurance Company,Chicago,IL,"Surety insurance, nsk",29.6,225,Liability Insurance Carriers
J A L Enterprises Inc,Omaha,NE,"Insurance agents, brokers, and service, n",14.1,181,Risk Management
J F Molloy & Associates Inc,Indianapolis,IN,"Insurance agents, brokers, and service, n",15.7,450,Risk Management
"James River Group, Inc.",Chapel Hill,NC,"Insurance agents, brokers, and service, n",12.5,197,Commercial Insurance Carriers
"John Deere Insurance Group, Inc",Moline,IL,"Fire, marine, and casualty insurance",60,1453,Property/Casualty Insurance Carriers
KEMPER INDEPENDENCE INSURANCE COMPANY,Jacksonville,FL,"Fire, marine, and casualty insurance",34.7,900,Property/Casualty Insurance Carriers
Kentucky Employers' Mutual Insurance Authority,Lexington,KY,"Fire, marine, and casualty insurance",23.2,210,Workers' Compensation Insurance Carriers
Kingsway America Inc.,Elk Grove Village,IL,"Holding companies, nec, nsk",36.5,251,Auto & Other Vehicle Insurance Carriers
"KRAMER-WILSON COMPANY, INC.",North Hollywood,CA,"Fire, marine, and casualty insurance",33.1,295,Property/Casualty Insurance Carriers
"Kroll Factual Data, Inc.",Loveland,CO,"Information retrieval services, nsk",47.4,400,Risk Management
Lancer Insurance Company,Long Beach,NY,"Fire, marine, and casualty insurance",24.1,430,Auto & Other Vehicle Insurance Carriers
Lexington Insurance Company,Boston,MA,"Fire, marine, and casualty insurance",15,312,Commercial Insurance Carriers
Liberty International Holdings Inc,Boston,MA,"Fire, marine, and casualty insurance",155.6,3684,Property/Casualty Insurance Carriers
Liberty International Underwriters,New York,NY,"Fire, marine, and casualty insurance",28.8,450,Commercial Insurance Carriers
Liberty Mutual Fire Insurance Co Inc,Boston,MA,"Fire, marine, and casualty insurance",84.6,1503,Property/Casualty Insurance Carriers
Liberty Mutual Holding Corporation,Boston,MA,"Fire, marine, and casualty insurance",24.4,250,Property/Casualty Insurance Carriers
Liberty Northwest Insurance Corporation,Portland,OR,"Fire, marine, and casualty insurance",45.2,950,Property/Casualty Insurance Carriers
Life RE Corporation,Armonk,NY,"Life insurance, nsk",49.3,946,Reinsurance Carriers
Lightning Rod Mutual Insurance Co (inc),Wooster,OH,"Fire, marine, and casualty insurance",77.167525,275,Property/Casualty Insurance Carriers
Lincoln General Insurance Company,York,PA,"Fire, marine, and casualty insurance",23.6,465,Property/Casualty Insurance Carriers
Louisiana Farm Bureau Mutual Insurance Company Inc),Baton Rouge,LA,"Fire, marine, and casualty insurance",32.4,289,Property/Casualty Insurance Carriers
Louisiana Medical Mutual Insurance Company (inc),Metairie,LA,"Surety insurance, nsk",12.2,100,Liability Insurance Carriers
Louisiana Workers' Compensation Corporation,Baton Rogue,LA,"Fire, marine, and casualty insurance",150.570432,250,Workers' Compensation Insurance Carriers
Lumber Mutual Insurance Company,Framingham,MA,"Fire, marine, and casualty insurance",11.3,67,Property/Casualty Insurance Carriers
Lumbermens Mutual Casualty Company (inc),Long Grove,IL,"Fire, marine, and casualty insurance",545.5,9000,Workers' Compensation Insurance Carriers
Lumbermen's Underwriting Alliance,Boca Raton,FL,"Fire, marine, and casualty insurance",20.5,385,Commercial Insurance Carriers
Mag Mutual Insurance Agency LLC,Atlanta,GA,"Surety insurance, nsk",14.2,300,Liability Insurance Carriers
Magna Carta Companies,New York,NY,"Fire, marine, and casualty insurance",41.7,706,Property/Casualty Insurance Carriers
"Maic Holdings, Inc",Birmingham,AL,"Surety insurance, nsk",25.9,215,Liability Insurance Carriers
Maine Employers' Mutual Insurance Company,Portland,ME,"Fire, marine, and casualty insurance",122.698571,250,Workers' Compensation Insurance Carriers
Manhattan Life Insurance Company,Houston,TX,"Insurance agents, brokers, and service, n",18.6,200,Risk Management
MAPFRE U.S.A. Corp.,Webster,MA,"Fire, marine, and casualty insurance",106.4,2373,Auto & Other Vehicle Insurance Carriers
Markel Insurance Company,Glen Allen,VA,"Fire, marine, and casualty insurance",29.8,251,Commercial Insurance Carriers
Markel Midwest,Deerfield,IL,"Surety insurance, nsk",11.2,100,Liability Insurance Carriers
"Markel Underwriting Managers, Inc.",Red Bank,NJ,"Surety insurance, nsk",17.6,130,Liability Insurance Carriers
McM Corporation,Raleigh,NC,"Fire, marine, and casualty insurance",20.9,172,Commercial Insurance Carriers
"McNeary, Inc.",Charlotte,NC,"Insurance agents, brokers, and service, n",11,98,Risk Management
Medical Liability Mutual Insurance Company,New York,NY,"Surety insurance, nsk",12.9,85,Liability Insurance Carriers
Medical Mutual Insurance Company of North Carolina,Raleigh,NC,"Surety insurance, nsk",82.587287,100,Liability Insurance Carriers
Medical Mutual Liability Insurance Society of Maryland,Hunt Valley,MD,"Surety insurance, nsk",126.175057,105,Liability Insurance Carriers
MEEMIC Insurance Company,Auburn Hills,MI,"Fire, marine, and casualty insurance",14.1,130,Auto & Other Vehicle Insurance Carriers
Mendota Insurance Company,Eagan,MN,"Fire, marine, and casualty insurance",26.2,230,Property/Casualty Insurance Carriers
Mercer Insurance Group Inc,Pennington,NJ,"Fire, marine, and casualty insurance",31.6,200,Property/Casualty Insurance Carriers
"Mercer Insurance Group, Inc.",Pennington,NJ,"Insurance agents, brokers, and service, n",23,202,Commercial Insurance Carriers
Merchants Mutual Insurance Company,Buffalo,NY,"Fire, marine, and casualty insurance",38.4,250,Property/Casualty Insurance Carriers
Mercury Casualty Company,Brea,CA,"Fire, marine, and casualty insurance",244.6,4500,Auto & Other Vehicle Insurance Carriers
Mercury Insurance Company,Los Angeles,CA,"Fire, marine, and casualty insurance",254.3,4800,Property/Casualty Insurance Carriers
Meridian Insurance Group Inc,Indianapolis,IN,"Fire, marine, and casualty insurance",16,400,Property/Casualty Insurance Carriers
MERRIMACK MUTUAL FIRE INSURANCE COMPANY,Andover,MA,"Fire, marine, and casualty insurance",35.9,240,Property/Casualty Insurance Carriers
Mesa Underwriters Specialty Insurance Company,Scottsdale,AZ,"Fire, marine, and casualty insurance",12.9,122,Property/Casualty Insurance Carriers
Metropolitan Property and Casualty Insurance Company,Warwick,RI,"Insurance agents, brokers, and service, n",91.9,2634,Auto & Other Vehicle Insurance Carriers
Mib Group Inc.,Braintree,MA,"Insurance agents, brokers, and service, n",13,150,Risk Management
Michigan Commercial Insurance Mutual Corporation,Lansing,MI,"Fire, marine, and casualty insurance",42.201026,65,Workers' Compensation Insurance Carriers
Mid-Continent Group,Tulsa,OK,"Fire, marine, and casualty insurance",36.7,280,Property/Casualty Insurance Carriers
Middle Oke Insurance Co of Salem,Salem,MA,"Fire, marine, and casualty insurance",19.3,150,Property/Casualty Insurance Carriers
Middlesex Mutual Assurance Company,Middletown,CT,"Fire, marine, and casualty insurance",92.91237,250,Property/Casualty Insurance Carriers
Midwest Employers Casualty Company,Chesterfield,MO,"Fire, marine, and casualty insurance",13,112,Property/Casualty Insurance Carriers
Midwest Medical Insurance Company,Minneapolis,MN,"Surety insurance, nsk",13.4,106,Liability Insurance Carriers
Milbank Insurance Company,Milbank,SD,"Fire, marine, and casualty insurance",267.1506,160,Property/Casualty Insurance Carriers
Millers First Insurance Company,Alton,IL,"Fire, marine, and casualty insurance",14.2,75,Property/Casualty Insurance Carriers
Mississippi Farm Bureau Mutual Insurance Company,Jackson,MS,"Fire, marine, and casualty insurance",13.8,325,Property/Casualty Insurance Carriers
Missouri Employers Mutual Insurance Company,Columbia,MO,"Fire, marine, and casualty insurance",108.264,200,Workers' Compensation Insurance Carriers
Missouri Farm Bureau Insurance Services,Jefferson City,MO,"Life insurance, nsk",17.1,350,Property/Casualty Insurance Carriers
Mitsui Sumitomo Insurance Company of America,Warren,NJ,"Fire, marine, and casualty insurance",145.122593,197,Property/Casualty Insurance Carriers
"Monitor Liability Managers, Inc.",Rolling Meadows,IL,"Insurance agents, brokers, and service, n",127.884622,115,Liability Insurance Carriers
Montpelier RE U.S. Holdings Ltd,Scottsdale,AZ,"Fire, marine, and casualty insurance",10.5,122,Property/Casualty Insurance Carriers
Motorists Commercial Mutual Insurance Company,Columbus,OH,"Fire, marine, and casualty insurance",120.828069,450,Commercial Insurance Carriers
Mountain States Mutual Casualty Co Inc,Albuquerque,NM,"Fire, marine, and casualty insurance",27.946514,95,Property/Casualty Insurance Carriers
Mountain West Farm Bureau Mutual Insurance Company Inc,Laramie,WY,"Fire, marine, and casualty insurance",11.6,117,Property/Casualty Insurance Carriers
Munich American Reassurance Company,Atlanta,GA,"Fire, marine, and casualty insurance",119.734808,230,Reinsurance Carriers
Munich RE America Corporation,Princeton,NJ,"Fire, marine, and casualty insurance",72.9,1450,Property/Casualty Insurance Carriers
"Munich Reinsurance America, Inc.",Princeton,NJ,"Fire, marine, and casualty insurance",193.1,3912,Reinsurance Carriers
"MUNICH REINSURANCE AMERICA, INC.",Princeton,NJ,"Fire, marine, and casualty insurance",71.3,1200,Property/Casualty Insurance Carriers
Mutual of Enumclaw Insurance Company,Enumclaw,WA,"Fire, marine, and casualty insurance",325.772,573,Property/Casualty Insurance Carriers
Myron F Steves Company,Houston,TX,"Fire, marine, and casualty insurance",24.2,200,Property/Casualty Insurance Carriers
National American Insurance Company,Chandler,OK,"Fire, marine, and casualty insurance",56.36,167,Property/Casualty Insurance Carriers
National Atlantic Holdings Corporation,Freehold,NJ,"Fire, marine, and casualty insurance",34,269,Property/Casualty Insurance Carriers
"National Deferred Compensation, Inc",Columbus,OH,"Insurance agents, brokers, and service, n",10,130,Risk Management
National Farmers Union Property and Casualty Company,Greenwood Village,CO,"Fire, marine, and casualty insurance",29.6,230,Property/Casualty Insurance Carriers
National General Insurance Company,Maryland Heights,MO,"Fire, marine, and casualty insurance",49.899016,700,Property/Casualty Insurance Carriers
National Indemnity Company,Omaha,NE,"Fire, marine, and casualty insurance",32.8,650,Auto & Other Vehicle Insurance Carriers
"National Insurance Co, Inc",San Juan,PR,"Fire, marine, and casualty insurance",12.2,81,Property/Casualty Insurance Carriers
National Interstate Corporation,Richfield,OH,"Fire, marine, and casualty insurance",502.473,532,Auto & Other Vehicle Insurance Carriers
National Interstate Insurance Company,Richfield,OH,"Fire, marine, and casualty insurance",13.7,310,Property/Casualty Insurance Carriers
"National Union Fire Insurance Company of Pittsburgh, Pa.",New York,NY,"Fire, marine, and casualty insurance",54.7,1000,Property/Casualty Insurance Carriers
"NAU HOLDING COMPANY, LLC",Anoka,MN,"Fire, marine, and casualty insurance",11.8,108,Property/Casualty Insurance Carriers
NAUTILUS INSURANCE COMPANY,Scottsdale,AZ,"Fire, marine, and casualty insurance",456.456952,200,Property/Casualty Insurance Carriers
"NCCI Holdings, Inc.",Boca Raton,FL,"Fire, marine, and casualty insurance",152,950,Risk Management
"NCMIC Group, Inc.",Clive,IA,"Holding companies, nec, nsk",26.5,186,Liability Insurance Carriers
Nevada General Insurance Company,Las Vegas,NV,"Fire, marine, and casualty insurance",12.038245,40,Auto & Other Vehicle Insurance Carriers
New Affirmative LLC,Addison,TX,"Fire, marine, and casualty insurance",46.2,1269,Auto & Other Vehicle Insurance Carriers
New Hampshire Insurance Company,New York,NY,"Fire, marine, and casualty insurance",82.2,1279,Property/Casualty Insurance Carriers
New Jersey Manufacturers Insurance Company,West Trenton,NJ,"Fire, marine, and casualty insurance",147.6,2400,Auto & Other Vehicle Insurance Carriers
New Mexico Mutual Casualty Company,Albuquerque,NM,"Fire, marine, and casualty insurance",16.5,145,Workers' Compensation Insurance Carriers
New York Central Mutual Fire Insurance Company,Edmeston,NY,"Fire, marine, and casualty insurance",56.2,1000,Auto & Other Vehicle Insurance Carriers
Nodak Mutual Insurance Co.,Fargo,ND,"Fire, marine, and casualty insurance",86.297602,95,Property/Casualty Insurance Carriers
NORCAL MUTUAL INSURANCE COMPANY,San Francisco,CA,"Surety insurance, nsk",15.4,310,Liability Insurance Carriers
North American Specialty Insurance Co,Manchester,NH,"Fire, marine, and casualty insurance",10.720855,110,Property/Casualty Insurance Carriers
North Pointe Holdings Corporation,Southfield,MI,"Insurance agents, brokers, and service, n",18.5,268,Commercial Insurance Carriers
North Star Mutual Insurance Co Inc,Cottonwood,MN,"Fire, marine, and casualty insurance",196.688012,197,Property/Casualty Insurance Carriers
Northland Insurance Company,Saint Paul,MN,"Fire, marine, and casualty insurance",231.522942,247,Property/Casualty Insurance Carriers
Nuclear Electric Insurance Limited,Wilmington,DE,"Fire, marine, and casualty insurance",219.771,56,Property/Casualty Insurance Carriers
Occidental Fire & Casualty Company of North Carolina,Raleigh,NC,"Fire, marine, and casualty insurance",66.148329,172,Property/Casualty Insurance Carriers
Ohic Insurance Company,Columbus,OH,"Fire, marine, and casualty insurance",14.1,85,Property/Casualty Insurance Carriers
Ohio Bureau of Workers' Compensation,Columbus,OH,"Fire, marine, and casualty insurance",153.2,3000,Workers' Compensation Insurance Carriers
Ohio Mutual Insurance Group,Bucyrus,OH,"Insurance agents, brokers, and service, n",35.723324,186,Property/Casualty Insurance Carriers
Oklahoma Farm Bureau Mutual Insurance Company Inc,Oklahoma City,OK,"Fire, marine, and casualty insurance",15,300,Property/Casualty Insurance Carriers
Old Republic Insurance Company,Greensburg,PA,"Fire, marine, and casualty insurance",28.9,200,Commercial Insurance Carriers
ONEBEACON INSURANCE COMPANY,Minnetonka,MN,"Fire, marine, and casualty insurance",75.7,1500,Property/Casualty Insurance Carriers
ONEBEACON INSURANCE GROUP LLC,Canton,MA,"Fire, marine, and casualty insurance",90,1500,Property/Casualty Insurance Carriers
Oregon Mutual Insurance Company,Mcminnville,OR,"Fire, marine, and casualty insurance",38.3,295,Property/Casualty Insurance Carriers
"Overland Solutions, Inc.",Overland Park,KS,"Insurance agents, brokers, and service, n",34.7,1180,Risk Management
Pacific Employers Insurance Co Inc,Philadelphia,PA,"Fire, marine, and casualty insurance",47.005682,100,Workers' Compensation Insurance Carriers
Palmetto Hospital Trust,Columbia,SC,"Fire, marine, and casualty insurance",19.54266,60,Workers' Compensation Insurance Carriers
Partner Reinsurance Company of the U.S.,Greenwich,CT,"Fire, marine, and casualty insurance",21.3,177,Reinsurance Carriers
Pan American Insurance Agency,Pasadena,CA,"Fire, marine, and casualty insurance",18.085,86,Workers' Compensation Insurance Carriers
Peerless Insurance Company,Keene,NH,"Fire, marine, and casualty insurance",71.7,1400,Commercial Insurance Carriers
Pekin Insurance,Pekin,IL,"Fire, marine, and casualty insurance",36.9,730,Property/Casualty Insurance Carriers
PEMCO Mutual Insurance Company,Seattle,WA,"Fire, marine, and casualty insurance",60.5,1150,Auto & Other Vehicle Insurance Carriers
Pennsylvania National Mutual Casualty Insurance Company,Harrisburg,PA,"Fire, marine, and casualty insurance",553.13,750,Property/Casualty Insurance Carriers
Permanent General Assurance Corporation,Nashville,TN,"Fire, marine, and casualty insurance",23.3,195,Auto & Other Vehicle Insurance Carriers
"Permanent General Companies, Inc.",Nashville,TN,"Insurance agents, brokers, and service, n",17.6,195,Auto & Other Vehicle Insurance Carriers
"Perr & Knight, Inc.",Santa Monica,CA,"Insurance agents, brokers, and service, n",20,93,Risk Management
Pharmacists Mutual Companies,Algona,IA,"Fire, marine, and casualty insurance",80.065202,300,Property/Casualty Insurance Carriers
PHILADELPHIA CONTRIBUTIONSHIP FOR THE INSURANCE OF HOUSES FROM LOSS BY FIRE,Philadelphia,PA,"Fire, marine, and casualty insurance",82.5,1350,Property/Casualty Insurance Carriers
Philadelphia Insurance Companies,Bala Cynwyd,PA,"Fire, marine, and casualty insurance",74.2,1374,Commercial Insurance Carriers
Philadelphia Insurance Company,Bala Cynwyd,PA,"Fire, marine, and casualty insurance",100.701111,500,Property/Casualty Insurance Carriers
Physicians' Reciprocal Insurers,Manhasset,NY,Accident and health insurance,391,260,Liability Insurance Carriers
Pinnacol Assurance,Denver,CO,"Fire, marine, and casualty insurance",28.8,540,Workers' Compensation Insurance Carriers
Plymouth Rock Assurance Corporation,Boston,MA,"Insurance agents, brokers, and service, n",21.4,251,Auto & Other Vehicle Insurance Carriers
"PMA Companies, Inc.",Blue Bell,PA,"Fire, marine, and casualty insurance",73.2,1362,Workers' Compensation Insurance Carriers
PMA Insurance Group,Blue Bell,PA,"Fire, marine, and casualty insurance",60.8,1000,Workers' Compensation Insurance Carriers
"Pmsi, Inc.",Tampa,FL,"Fire, marine, and casualty insurance",18.6,460,Workers' Compensation Insurance Carriers
"PODIATRY INSURANCE COMPANY OF AMERICA, A MUTUAL COMPANY",Franklin,TN,"Surety insurance, nsk",15.5,130,Liability Insurance Carriers
"PRAETORIAN FINANCIAL GROUP, INC.",New York,NY,Accident and health insurance,21.4,200,Reinsurance Carriers
Preferred Mutual Insurance Company,New Berlin,NY,"Fire, marine, and casualty insurance",35.7,250,Auto & Other Vehicle Insurance Carriers
"Pre-Paid Legal Services, Inc.",Ada,OK,"Fire, marine, and casualty insurance",444.024,500,Property/Casualty Insurance Carriers
"Presidio Excess Insurance Services, Inc.",San Francisco,CA,Accident and health insurance,11.8,75,Reinsurance Carriers
Princeton Insurance Company,Princeton,NJ,"Holding companies, nec, nsk",136.780689,200,Liability Insurance Carriers
ProAssurance Casualty Company,Okemos,MI,"Surety insurance, nsk",21.5,185,Liability Insurance Carriers
"Proassurance Indemnity Company, Inc.",Birmingham,AL,"Fire, marine, and casualty insurance",18.3,151,Property/Casualty Insurance Carriers
"Professionals Direct, Inc.",Grand Rapids,MI,"Surety insurance, nsk",18.906,94,Liability Insurance Carriers
Progressive Max Insurance Company,Cleveland,OH,"Fire, marine, and casualty insurance",300.281803,80,Property/Casualty Insurance Carriers
Protective Insurance Company Inc,Indianapolis,IN,"Fire, marine, and casualty insurance",25.9,225,Property/Casualty Insurance Carriers
Pxre Corporation,Edison,NJ,"Fire, marine, and casualty insurance",12.1,105,Property/Casualty Insurance Carriers
"QBE Financial Institution Risk Services, Inc.",Atlanta,GA,"Holding companies, nec, nsk",320.266378,1356,Risk Management
"Qbe Holdings, Inc.",New York,NY,Accident and health insurance,149.1,2450,Reinsurance Carriers
QBE INSURANCE CORPORATION,New York,NY,"Life insurance, nsk",37.7,602,Reinsurance Carriers
QBE Regional Insurance,Sun Prairie,WI,"Insurance agents, brokers, and service, n",76.1,2200,Commercial Insurance Carriers
Quincy Mutual Fire Insurance Company,Quincy,MA,"Fire, marine, and casualty insurance",29.2,200,Property/Casualty Insurance Carriers
R&Q Solutions LLC,Philadelphia,PA,"Insurance agents, brokers, and service, n",12.8,164,Risk Management
"Real Legacy Assurance Company, Inc.",Guaynabo,PR,"Fire, marine, and casualty insurance",12.5,135,Property/Casualty Insurance Carriers
"Regional Reporting, Inc.",New York,NY,"Insurance agents, brokers, and service, n",20.9,205,Risk Management
"Reliable Reports of Texas, Inc.",Lewisville,TX,"Insurance agents, brokers, and service, n",26.2,297,Risk Management
"Republic Companies Group, Inc.",Dallas,TX,"Insurance agents, brokers, and service, n",10,345,Property/Casualty Insurance Carriers
Republic Indemnity Company of America,Encino,CA,"Fire, marine, and casualty insurance",142.440422,420,Workers' Compensation Insurance Carriers
Republic Insurance Company Inc,Dallas,TX,"Fire, marine, and casualty insurance",31.1,250,Property/Casualty Insurance Carriers
Republic Western Insurance Company,Phoenix,AZ,"Fire, marine, and casualty insurance",34,271,Property/Casualty Insurance Carriers
Response Insurance Company,Meriden,CT,"Fire, marine, and casualty insurance",27.4,228,Auto & Other Vehicle Insurance Carriers
"RG America, Inc.",Plano,TX,"Insurance agents, brokers, and service, n",20.373047,37,Risk Management
RLI INSURANCE COMPANY,Peoria,IL,"Fire, marine, and casualty insurance",342.995723,724,Property/Casualty Insurance Carriers
Rockhill Holding Company,Kansas City,MO,"Surety insurance, nsk",22.5,206,Property/Casualty Insurance Carriers
Rockingham Mutual Insurance Company,Harrisonburg,VA,"Fire, marine, and casualty insurance",30.803529,75,Property/Casualty Insurance Carriers
Rockwood Casualty Insurance Co,Rockwood,PA,"Fire, marine, and casualty insurance",10.8,102,Workers' Compensation Insurance Carriers
"Royal Specialty Underwriting, Inc.",Atlanta,GA,"Fire, marine, and casualty insurance",24.7,210,Property/Casualty Insurance Carriers
"RSUI Group, Inc.",Atlanta,GA,"Fire, marine, and casualty insurance",15,370,Commercial Insurance Carriers
"RTW, Inc.",Bloomington,MN,"Fire, marine, and casualty insurance",20,168,Workers' Compensation Insurance Carriers
Rural Mutual Insurance Company,Madison,WI,"Fire, marine, and casualty insurance",122.730796,195,Property/Casualty Insurance Carriers
Rutgers Casualty Insurance Company (inc),Cherry Hill,NJ,"Fire, marine, and casualty insurance",12.35796,130,Auto & Other Vehicle Insurance Carriers
Rvos Farm Mutual Insurance Company,Temple,TX,"Fire, marine, and casualty insurance",61.455638,100,Property/Casualty Insurance Carriers
SAFE AUTO INSURANCE COMPANY,Columbus,OH,"Fire, marine, and casualty insurance",45.4,1000,Auto & Other Vehicle Insurance Carriers
"Safe Auto Insurance Group, Inc.",Columbus,OH,"Fire, marine, and casualty insurance",31,781,Auto & Other Vehicle Insurance Carriers
Safeco Corporation,Seattle,WA,"Fire, marine, and casualty insurance",373.8,7208,Property/Casualty Insurance Carriers
Safety Insurance Company,Boston,MA,"Fire, marine, and casualty insurance",23.5,500,Auto & Other Vehicle Insurance Carriers
Safety National Casualty Corporation,St. Louis,MO,"Fire, marine, and casualty insurance",417.854456,300,Workers' Compensation Insurance Carriers
Safeway Insurance Group,Westmont,IL,"Fire, marine, and casualty insurance",23.3,470,Auto & Other Vehicle Insurance Carriers
SAIF Corporation,Salem,OR,Accident and health insurance,39,840,Workers' Compensation Insurance Carriers
SAVERS PROPERTY AND CASUALTY INSURANCE COMPANY,Overland Park,KS,"Fire, marine, and casualty insurance",13.3,85,Property/Casualty Insurance Carriers
SCF  Arizona,Phoenix,AZ,"Fire, marine, and casualty insurance",19.3,453,Workers' Compensation Insurance Carriers
SCOR U.S. CORPORATION,New York,NY,Accident and health insurance,17.6,125,Reinsurance Carriers
"Scott & Son, Incorporated, James A.",Lynchburg,VA,"Fire, marine, and casualty insurance",35.984367,250,Property/Casualty Insurance Carriers
"Scottish RE (u.s.), Inc.",Charlotte,NC,"Life insurance, nsk",185.054691,150,Reinsurance Carriers
Scottsdale Insurance Company,Scottsdale,AZ,"Fire, marine, and casualty insurance",577.521084,1350,Property/Casualty Insurance Carriers
"SeaBright Holdings, Inc.",Seattle,WA,"Fire, marine, and casualty insurance",277.161,324,Workers' Compensation Insurance Carriers
Seabright Insurance Company,Seattle,WA,"Fire, marine, and casualty insurance",10.2,100,Workers' Compensation Insurance Carriers
"Seabury & Smith (delaware), Inc.",New York,NY,"Insurance agents, brokers, and service, n",187.3,4600,Risk Management
"SECURA Insurance Holdings, Inc.",Appleton,WI,"Fire, marine, and casualty insurance",361.774,550,Commercial Insurance Carriers
Security National Insurance Co Inc,Davie,FL,"Fire, marine, and casualty insurance",15.847006,50,Property/Casualty Insurance Carriers
Selective Insurance Co of South Carolina,Carmel,IN,"Fire, marine, and casualty insurance",29.6,240,Property/Casualty Insurance Carriers
Sequoia Insurance Company,Monterey,CA,"Fire, marine, and casualty insurance",92.608298,80,Property/Casualty Insurance Carriers
SFM Mutual Insurance Company,Bloomington,MN,"Fire, marine, and casualty insurance",114.502494,200,Workers' Compensation Insurance Carriers
Signal Holdings,Wayne,PA,"Holding companies, nec, nsk",65,1500,Risk Management
Sirius America Insurance Company,New York,NY,"Fire, marine, and casualty insurance",25.7,191,Reinsurance Carriers
Society Insurance A Mutual Company,Fond Du Lac,WI,"Fire, marine, and casualty insurance",131.291035,260,Workers' Compensation Insurance Carriers
Sompo Japan Insurance Company of America,New York,NY,"Fire, marine, and casualty insurance",24.2,194,Property/Casualty Insurance Carriers
SOUTH CAROLINA FARM BUREAU MUTUAL INSURANCE COMPANY (INC),Cayce,SC,"Fire, marine, and casualty insurance",30.1,245,Auto & Other Vehicle Insurance Carriers
Southern General Insurance Company,Marietta,GA,"Fire, marine, and casualty insurance",25.1,200,Property/Casualty Insurance Carriers
Southern Mutual Church Insurance Company,Columbia,SC,"Fire, marine, and casualty insurance",32.190475,39,Property/Casualty Insurance Carriers
St Paul Protective Insurance Company,Northbrook,IL,"Fire, marine, and casualty insurance",105.291161,1475,Property/Casualty Insurance Carriers
St. Paul Guardian Insurance Company,Saint Paul,MN,"Fire, marine, and casualty insurance",18.977291,1000,Property/Casualty Insurance Carriers
Standard Mutual Insurance Company,Springfield,IL,"Fire, marine, and casualty insurance",16.7,95,Property/Casualty Insurance Carriers
Star Insurance Company,Southfield,MI,"Fire, marine, and casualty insurance",26.8,650,Property/Casualty Insurance Carriers
"Starr Technical Risks Agency, Inc.",New York,NY,"Fire, marine, and casualty insurance",20.7,150,Property/Casualty Insurance Carriers
STATE AUTO PROPERTY & CASUALTY INSURANCE COMPANY,Columbus,OH,"Fire, marine, and casualty insurance",223.152625,2059,Property/Casualty Insurance Carriers
State Automobile Mutual Insurance Company,Columbus,OH,"Fire, marine, and casualty insurance",270.233547,2488,Property/Casualty Insurance Carriers
"State National Insurance Company, Inc.",Bedford,TX,"Fire, marine, and casualty insurance",19,175,Property/Casualty Insurance Carriers
State Volunteer Mutual Insurance Company,Brentwood,TN,"Surety insurance, nsk",258.544209,118,Liability Insurance Carriers
"Summit Consulting, Inc.",Lakeland,FL,"Fire, marine, and casualty insurance",35.2,750,Property/Casualty Insurance Carriers
Swiss RE America Holding Corporation,Overland Park,KS,"Fire, marine, and casualty insurance",359.7,7000,Property/Casualty Insurance Carriers
Swiss RE Solutions Holding Corporation,Shawnee Mission,KS,"Fire, marine, and casualty insurance",226.8,4000,Property/Casualty Insurance Carriers
SWISS RE TREASURY (US) CORPORATION,Armonk,NY,"Fire, marine, and casualty insurance",92.2,1651,Property/Casualty Insurance Carriers
Swiss RE Underwriters Agency,Calabasas,CA,Accident and health insurance,20.3,180,Reinsurance Carriers
Swiss Reinsurance America Corporation,Armonk,NY,"Fire, marine, and casualty insurance",99.1,1651,Property/Casualty Insurance Carriers
"T.B.A. Insurance Group, Limited Partnership",Bedford,TX,"Fire, marine, and casualty insurance",16.5,350,Property/Casualty Insurance Carriers
Teachers Insurance Company Inc,Springfield,IL,"Fire, marine, and casualty insurance",174.385571,200,Auto & Other Vehicle Insurance Carriers
Tennessee Farmers Mutual Insurance Company,Columbia,TN,"Fire, marine, and casualty insurance",40.7,870,Property/Casualty Insurance Carriers
Texas Municipal League Intergovernmental Risk Pool,Austin,TX,"Insurance agents, brokers, and service, n",169.764924,240,Property/Casualty Insurance Carriers
Texasre Life Insurance Company,Stamford,CT,"Life insurance, nsk",27.9,225,Reinsurance Carriers
The Buckeye State Mutual Insurance Company,Piqua,OH,"Fire, marine, and casualty insurance",12.1,70,Property/Casualty Insurance Carriers
The Celina Mutual Insurance Company,Celina,OH,"Fire, marine, and casualty insurance",86,200,Auto & Other Vehicle Insurance Carriers
The Concord Group Insurance Companies,Concord,NH,"Fire, marine, and casualty insurance",142.663655,204,Property/Casualty Insurance Carriers
The Farm Bureau Mutual Insurance Company Inc,Manhattan,KS,"Fire, marine, and casualty insurance",137.383753,300,Property/Casualty Insurance Carriers
The Hanover Insurance Company,Worcester,MA,"Fire, marine, and casualty insurance",151.4,2500,Property/Casualty Insurance Carriers
The Harford Mutual Insurance Company,Bel Air,MD,"Fire, marine, and casualty insurance",24.063801,122,Commercial Insurance Carriers
The Insurance House Inc,Marietta,GA,"Fire, marine, and casualty insurance",13.7,110,Property/Casualty Insurance Carriers
The Midland Company,Amelia,OH,"Fire, marine, and casualty insurance",60.5,1200,Property/Casualty Insurance Carriers
The Motorists Insurance Group,Columbus,OH,"Fire, marine, and casualty insurance",460.452913,780,Property/Casualty Insurance Carriers
"The National Security Group, Inc.",Elba,AL,"Life insurance, nsk",62.092,117,Property/Casualty Insurance Carriers
The North River Insurance Company,Morristown,NJ,"Fire, marine, and casualty insurance",169.483557,400,Property/Casualty Insurance Carriers
The Ohio Casualty Insurance Company,Fairfield,OH,"Fire, marine, and casualty insurance",115.8,2114,Auto & Other Vehicle Insurance Carriers
The Ohio Casualty Insurance Company,Fairfield,OH,"Fire, marine, and casualty insurance",105.9,2114,Commercial Insurance Carriers
The Patrons Group,Glastonbury,CT,"Fire, marine, and casualty insurance",14.6,76,Property/Casualty Insurance Carriers
The Plymouth Rock Company Incorporated,Boston,MA,"Fire, marine, and casualty insurance",47.9,1000,Property/Casualty Insurance Carriers
The Premier Insurance Company of Massachusetts,Worcester,MA,"Life insurance, nsk",216.280006,500,Property/Casualty Insurance Carriers
"The Seibels Bruce Group, Inc.",Columbia,SC,"Fire, marine, and casualty insurance",31.7,225,Property/Casualty Insurance Carriers
The TOA Reinsurance Company of America,Morristown,NJ,"Fire, marine, and casualty insurance",238.679483,47,Property/Casualty Insurance Carriers
The Western Reserve Group,Wooster,OH,"Fire, marine, and casualty insurance",34,267,Property/Casualty Insurance Carriers
"Tig Holdings, Inc.",Manchester,NH,"Fire, marine, and casualty insurance",64.8,1538,Property/Casualty Insurance Carriers
Tig Insurance Company,Manchester,NH,"Fire, marine, and casualty insurance",42.4,800,Property/Casualty Insurance Carriers
Tig Insurance Group,Manchester,NH,"Fire, marine, and casualty insurance",32.9,800,Property/Casualty Insurance Carriers
Topa Insurance Company,Los Angeles,CA,"Fire, marine, and casualty insurance",15.2,92,Property/Casualty Insurance Carriers
"Tower Hill Insurance Group, Inc.",Gainesville,FL,"Fire, marine, and casualty insurance",17.9,400,Property/Casualty Insurance Carriers
Transatlantic Reinsurance Company,New York,NY,"Fire, marine, and casualty insurance",27.9,500,Reinsurance Carriers
Travelers of New Jersey,Parsippany,NJ,"Fire, marine, and casualty insurance",14.6,350,Property/Casualty Insurance Carriers
Trinity Universal Insurance Company,Dallas,TX,"Fire, marine, and casualty insurance",98.5,2000,Auto & Other Vehicle Insurance Carriers
"TRISTAR INSURANCE GROUP, INC.",Long Beach,CA,"Fire, marine, and casualty insurance",80.7,1650,Workers' Compensation Insurance Carriers
"Trumbull Services, L.L.C.",Hartford,CT,"Fire, marine, and casualty insurance",10.8,100,Property/Casualty Insurance Carriers
Trust Group Inc,Worcester,MA,"Fire, marine, and casualty insurance",13.7,348,Property/Casualty Insurance Carriers
Tuscarora Wayne Mutual Insurance Company,Wyalusing,PA,"Fire, marine, and casualty insurance",28.465611,41,Commercial Insurance Carriers
Twin City Fire Insurance Company,Hartford,CT,"Fire, marine, and casualty insurance",126.8,2500,Property/Casualty Insurance Carriers
U.S. Investment Corporation,Wayne,PA,"Fire, marine, and casualty insurance",28.7,465,Property/Casualty Insurance Carriers
Unico American Corporation,Woodland Hills,CA,"Fire, marine, and casualty insurance",34.576701,84,Property/Casualty Insurance Carriers
Unigard Insurance Group,Bellevue,WA,"Fire, marine, and casualty insurance",243.565203,400,Commercial Insurance Carriers
Union Mutual Fire Insurance Company,Montpelier,VT,"Fire, marine, and casualty insurance",16,90,Property/Casualty Insurance Carriers
United Farm Family Mutual Insurance Company,Indianapolis,IN,"Fire, marine, and casualty insurance",64.7,1200,Property/Casualty Insurance Carriers
United National Insurance Co,Bala Cynwyd,PA,"Fire, marine, and casualty insurance",35,244,Property/Casualty Insurance Carriers
"United States Aviation Underwriters, Incorporated",New York,NY,"Fire, marine, and casualty insurance",22.3,150,Property/Casualty Insurance Carriers
United States Fire Insurance Company,Morristown,NJ,"Fire, marine, and casualty insurance",585.488651,1266,Property/Casualty Insurance Carriers
United States Liability Insurance Group,Wayne,PA,"Fire, marine, and casualty insurance",34.3,214,Liability Insurance Carriers
"Universal Insurance Holdings, Inc.",Fort Lauderdale,FL,"Insurance agents, brokers, and service, n",225.861,271,Homeowners Insurance Carriers
"Universal Underwriters Insurance Services, Inc",Overland Park,KS,"Fire, marine, and casualty insurance",41.1,885,Property/Casualty Insurance Carriers
"USAA Insurance Agency, Inc",San Antonio,TX,"Fire, marine, and casualty insurance",23.6,200,Auto & Other Vehicle Insurance Carriers
USAA Life Insurance Company,San Antonio,TX,Accident and health insurance,58,1050,Reinsurance Carriers
USI Insurance Services of Connecticut LLC,Meriden,CT,"Insurance agents, brokers, and service, n",14.1,146,Risk Management
Utica Mutual Insurance Company,New Hartford,NY,"Fire, marine, and casualty insurance",78.3,1350,Property/Casualty Insurance Carriers
Utica National Insurance Group,New Hartford,NY,"Fire, marine, and casualty insurance",56.4,1109,Property/Casualty Insurance Carriers
"Verisk Health, Inc.",Waltham,MA,"Computer and software stores, nsk",27,352,Risk Management
VERMONT MUTUAL INSURANCE COMPANY,Montpelier,VT,"Fire, marine, and casualty insurance",27,200,Property/Casualty Insurance Carriers
"Veterinary Pet Insurance, Inc.",Brea,CA,"Insurance agents, brokers, and service, n",14,420,Property/Casualty Insurance Carriers
Victor J Salgado & Associates Inc,San Juan,PR,"Fire, marine, and casualty insurance",48.668091,200,Property/Casualty Insurance Carriers
Vigilant Insurance Company,New York,NY,"Fire, marine, and casualty insurance",119.469655,61,Property/Casualty Insurance Carriers
Viking Insurance Company of Wisconsin,Englewood,CO,"Fire, marine, and casualty insurance",18.7,404,Auto & Other Vehicle Insurance Carriers
Virginia Farm Bureau Mutual Insurance Company,Richmond,VA,"Fire, marine, and casualty insurance",12,70,Auto & Other Vehicle Insurance Carriers
"Virginia Surety Company, Inc",Chicago,IL,"Surety insurance, nsk",106.4,1800,Liability Insurance Carriers
Voyager Group Inc,Atlanta,GA,"Fire, marine, and casualty insurance",15.748505,120,Property/Casualty Insurance Carriers
WALSHIRE ASSURANCE CO,York,PA,"Fire, marine, and casualty insurance",23.9,530,Property/Casualty Insurance Carriers
WAUSAU UNDERWRITERS INSURANCE COMPANY,Wausau,WI,"Fire, marine, and casualty insurance",45.485652,3,Property/Casualty Insurance Carriers
Wellington Insurance Company,Fort Worth,TX,"Fire, marine, and casualty insurance",24.47366,13,Auto & Other Vehicle Insurance Carriers
West Bend Mutual Insurance Company,West Bend,WI,"Fire, marine, and casualty insurance",56.4,1064,Property/Casualty Insurance Carriers
"Western Insurance Holdings, Inc.",San Diego,CA,"Fire, marine, and casualty insurance",23.3,550,Property/Casualty Insurance Carriers
Western Mutual Insurance,Irvine,CA,"Fire, marine, and casualty insurance",12.2,68,Property/Casualty Insurance Carriers
Western National Mutual Insurance Company,Edina,MN,"Fire, marine, and casualty insurance",15.9,300,Property/Casualty Insurance Carriers
Western World Insurance Company,Franklin Lakes,NJ,"Surety insurance, nsk",123.838259,204,Liability Insurance Carriers
Western World Insurance Group,Franklin Lakes,NJ,"Fire, marine, and casualty insurance",198.75119,207,Commercial Insurance Carriers
Westport Insurance Corporation,Windsor,CT,"Fire, marine, and casualty insurance",51.7,920,Property/Casualty Insurance Carriers
Westport Insurance Corporation,Overland Park,KS,"Fire, marine, and casualty insurance",23,600,Property/Casualty Insurance Carriers
"Wig Holdings, Inc.",Fort Worth,TX,"Fire, marine, and casualty insurance",37.077308,107,Property/Casualty Insurance Carriers
"Wilton RE U.S. Holdings, Inc.",Wilton,CT,"Life insurance, nsk",23.7,200,Reinsurance Carriers
Wisconsin Mutual Insurance Co Inc,Madison,WI,"Fire, marine, and casualty insurance",59.8539,62,Property/Casualty Insurance Carriers
Wisconsin Reinsurance Corporation,Madison,WI,"Fire, marine, and casualty insurance",36.641574,65,Reinsurance Carriers
Workers Compensation Fund.,Sandy,UT,"Fire, marine, and casualty insurance",155.532,355,Workers' Compensation Insurance Carriers
Workers Compensation Insurance Rating Bureau of California,San Francisco,CA,"Fire, marine, and casualty insurance",28.5,207,Workers' Compensation Insurance Carriers
"X.L. Global Services, Inc.",Stamford,CT,"Fire, marine, and casualty insurance",34.8,800,Property/Casualty Insurance Carriers
Xl Reinsurance America Inc,Stamford,CT,"Fire, marine, and casualty insurance",15.4,300,Property/Casualty Insurance Carriers
Zenith Insurance Company,Woodland Hills,CA,"Fire, marine, and casualty insurance",85,1600,Workers' Compensation Insurance Carriers
Zenith National Insurance Corp.,Woodland Hills,CA,"Fire, marine, and casualty insurance",71.6,1600,Workers' Compensation Insurance Carriers
ZURICH NORTH AMERICAN INSURANCE COMPANY,Schaumburg,IL,"Fire, marine, and casualty insurance",87.4,1500,Property/Casualty Insurance Carriers